Name,Status
Use video,
Run 4 sales campaigns a year,
Use opt-in pop-up offers to convert users,
Talk to Your Visitors,
Brand Yourself with Your Own Personal Flavor,
Get People’s Email Addresses,
"With Social Media, Consider Diversifying Your Platforms",
Promote customer reviews and build trust,
Blog regularly and it will pay dividends,
Pack Photos Into All of Your Content,
Use Facebook Advertising to get new Customers:,
Create a Face (Possibly Fictitious) for Your Company,
Think About Mobile Advertising,
A/B Test Your Checkout Process,
Automate your email marketing,
Put a Personalization Strategy into Action,
Not innovative products but an innovative approach,
Hit it Hard with Contextual Marketing,
Create a Content Marketing Strategy Before Starting,
Look for Alternative Automated Marketing Techniques,
Go Crazy With the Email Newsletter,
You Should have an Influencer Campaign,
Opt for User Generated Content,
Make Your Own Original Content,
Real-time personalization,
Be wary of slow-selling items,
Offer free shipping,
Use Pay Per Click Marketing Wisely,
Generate an Email Marketing Campaign That’s Automated,
Focus on Free Marketing Options,
Optimize Your Email Capture Modules,
Remind People About Their Wishlists,
Make your ecommerce website mobile friendly,
Invest in great product photos,
Implement a Loyalty Program,
Adding live chat,
"When first-time visitors leave your website, give them an offer they can’t refuse",
Make an ecommerce site with great content,
Reveal the Identities of Your Authors,
Optimize for the Mobile World,
Automate Your Social Networks,
Reduce shopping cart abandonment,
Get Creative with Your FAQs,
Повышение продаж продуктов без излишней настойчивости,
"Используйте инструменты для тестирования воронки продаж, UX/UI дизайна.",
Повышение авторитета с помощью онлайновых дискуссионных площадок,
Вознаграждайте постоянных клиентов,
Ensure excellent customer support,
Push Your Customers to Make Product Reviews,
Reach Out to Customers in Their Native Languages,
Make How-To Videos for Creating a Connection and Showing Products,
Always Stay Up to Date on Industry News,